Tool	Bioc	CRAN	PyPI	GitHub
acorde	NA	NA	NA	ConesaLab/acorde
ACTINN	NA	NA	NA	mafeiyang/ACTINN
ACTION	NA	NA	NA	NA
ACTIONet	NA	NA	NA	shmohammadi86/ACTIONet
ACTIVA	NA	NA	NA	SindiLab/ACTIVA
ADImpute	ADImpute	NA	NA	beyergroup/ADImpute
adobo	NA	NA	adobo	oscar-franzen/adobo
aggregateBioVar	aggregateBioVar	NA	NA	jasonratcliff/aggregateBioVar
airpart	airpart	NA	NA	Wancen/airpart
alevin-fry	NA	NA	NA	COMBINE-lab/alevin-fry
alevinQC	alevinQC	NA	NA	csoneson/alevinQC
ALRA	NA	NA	NA	KlugerLab/ALRA
AltAnalyze	NA	NA	AltAnalyze	nsalomonis/altanalyze
anchor	NA	NA	anchor-bio	yeolab/anchor
ASAP	NA	NA	NA	DeplanckeLab/ASAP
Asc-Seurat	NA	NA	NA	KirstLab/asc_seurat
ascend	NA	NA	NA	powellgenomicslab/ascend
ASURAT	NA	NA	NA	keita-iida/ASURAT
AUCell	AUCell	NA	NA	aertslab/AUCell
Augur	NA	NA	NA	neurorestore/Augur
AutoClass	NA	NA	NA	datapplab/AutoClass
AutoImpute	NA	NA	NA	divyanshu-talwar/AutoImpute
BABEL	NA	NA	NA	wukevin/babel
BackSPIN	NA	NA	backspinpy	linnarsson-lab/BackSPIN
badger	NA	NA	NA	JEFworks/badger
BALDR	NA	NA	NA	BosingerLab/BALDR
BAMMSC	NA	NA	NA	CHPGenetics/BAMMSC
baredSC	NA	NA	baredSC	lldelisle/baredSC
BASIC	NA	NA	NA	NA
BASiCS	BASiCS	NA	NA	catavallejos/BASiCS
BasisVAE	NA	NA	NA	kasparmartens/BasisVAE
BatchBench	NA	NA	NA	cellgeni/batchbench
batchelor	batchelor	NA	NA	LTLA/batchelor
BATMAN	NA	NA	NA	mandricigor/batman
BayesEATS	NA	NA	NA	jingeyu/BayesEATS
bayNorm	bayNorm	NA	NA	WT215/bayNorm
bbknn	NA	NA	bbknn	Teichlab/bbknn
BC_tSNE	NA	bcTSNE	NA	emanuelealiverti/BC_tSNE
bcbio	NA	NA	bcbio	bcbio/bcbio-nextgen
bcbioSingleCell	NA	NA	NA	hbc/bcbioSingleCell
BCseq	NA	NA	NA	NA
BEARscc	BEARscc	NA	NA	NA
BEELINE	NA	NA	NA	murali-group/Beeline
BEER	NA	NA	NA	jumphone/BEER
BERMUDA	NA	NA	NA	txWang/BERMUDA
BESCA	NA	NA	NA	bedapub/besca
Beyondcell	NA	NA	NA	NA
Bfimpute	NA	NA	NA	maiziezhoulab/Bfimpute
bigSCale	NA	NA	NA	dfajar2/bigSCale
bigSCale2	NA	NA	NA	iaconogi/bigSCale2
bindSC	NA	NA	NA	KChen-lab/bindSC
BingleSeq	NA	NA	NA	dbdimitrov/BingleSeq
BioTIP	BioTIP	NA	NA	xyang2uchicago/BioTIP
BIRD	NA	NA	NA	WeiqiangZhou/BIRD
BISCUIT	NA	NA	NA	sandhya212/BISCUIT_SingleCell_IMM_ICML_2016
Bisque	NA	BisqueRNA	NA	cozygene/bisque
BITFAM	NA	NA	NA	jaleesr/BITFAM
bonvoyage	NA	NA	bonvoyage	yeolab/bonvoyage
BPSC	NA	NA	NA	nghiavtr/BPSC
BraCeR	NA	NA	NA	teichlab/bracer
BranchedGP	NA	NA	BranchedGP	ManchesterBioinference/BranchedGP
BRAPeS	NA	NA	NA	YosefLab/BRAPeS
BREM-SC	NA	NA	NA	tarot0410/BREMSC
BRIE	NA	NA	brie	huangyh09/brie
bseqsc	NA	NA	NA	shenorrLab/bseqsc
BTR	NA	NA	NA	cheeyeelim/btr
BUSseq	NA	NA	NA	songfd2018/BUSseq
bustools	NA	NA	NA	BUStools/bustools
BZINB	NA	bzinb	NA	Hunyong/BZINB
CACTUS	NA	NA	NA	LUMC/CACTUS
CALISTA	NA	NA	NA	CABSEL/CALISTA
CancerInSilico	CancerInSilico	NA	NA	FertigLab/CancerInSilico
Canek	NA	NA	NA	MartinLoza/Canek
CAPITAL	NA	NA	capital	ykat0/capital
Capybara	NA	NA	NA	morris-lab/Capybara
CarDEC	NA	NA	cardec	jlakkis/CarDEC
cardelino	NA	NA	NA	single-cell-genetics/cardelino
CaSpER	NA	NA	NA	akdess/CaSpER
CaSTLe	NA	NA	NA	yuvallb/CaSTLe
CausalDAG	NA	NA	causaldag	uhlerlab/causaldag
cb_sniffer	NA	NA	NA	sridnona/cb_sniffer
ccdf	NA	ccdf	NA	Mgauth/ccdf
ccfindR	ccfindR	NA	NA	hjunwoo/ccfindR
CCNMF	NA	NA	NA	XQBai/CCNMF
CCPE	NA	NA	NA	LiuJJ0327/CCPE
ccRemover	NA	ccRemover	NA	cran/ccRemover
CCSN	NA	NA	NA	NA
celaref	celaref	NA	NA	MonashBioinformaticsPlatform/celaref
celda	celda	NA	NA	campbio/celda
Cell-BLAST	NA	NA	Cell-BLAST	gao-lab/Cell_BLAST
cell2cell	NA	NA	cell2cell	earmingol/cell2cell
cell2location	NA	NA	cell2location	BayraktarLab/cell2location
cellAlign	NA	NA	NA	shenorrLab/cellAlign
Cellar	NA	NA	NA	ferrocactus/cellar
CellaRepertorium	CellaRepertorium	NA	NA	amcdavid/CellaRepertorium
cellassign	NA	NA	NA	irrationone/cellassign
CellBench	CellBench	NA	NA	shians/cellbench
CellBender	NA	NA	NA	broadinstitute/CellBender
CellBIC	NA	NA	NA	neocaleb/CellBIC
cellBrowser	NA	NA	cellbrowser	maximilianh/cellBrowser
CellCall	NA	NA	NA	ShellyCoder/cellcall
CellChat	NA	NA	NA	sqjin/CellChat
CellexalVR	NA	NA	NA	sonejilab/cellexalvr
CellFishing	NA	NA	NA	bicycle1885/CellFishing.jl
cellgrid	NA	NA	cellgrid	Brodinlab/cellgrid
CellID	CelliD	NA	NA	RausellLab/CelliD
Cellity	cellity	NA	NA	teichlab/cellity
CellMeSH	NA	NA	NA	shunfumao/cellmesh
CellMixS	CellMixS	NA	NA	almutlue/CellMixS
CellO	NA	NA	NA	deweylab/CellO
CellOracle	NA	NA	NA	morris-lab/CellOracle
CellPath	NA	NA	cellpath	PeterZZQ/CellPath
CellPhoneDB	NA	NA	CellPhoneDB	Teichlab/cellphonedb
CellRanger	NA	NA	NA	10XGenomics/cellranger
CellRank	NA	NA	cellrank	theislab/cellrank
CellRegMap	NA	NA	NA	limix/CellRegMap
CellRouter	NA	NA	NA	edroaldo/cellrouter
CellSIUS	NA	NA	NA	Novartis/CellSIUS
cellSNP	NA	NA	cellSNP	single-cell-genetics/cellSNP
cellsnp-lite	NA	NA	NA	single-cell-genetics/cellsnp-lite
CellTagR	NA	NA	NA	morris-lab/CellTagR
celltalker	NA	NA	NA	arc85/celltalker
CellTrails	CellTrails	NA	NA	dcellwanger/CellTrails
CellTree	cellTree	NA	NA	NA
CellView	NA	NA	NA	mohanbolisetty/CellView
cellxgene	NA	NA	cellxgene	chanzuckerberg/cellxgene
cellxgene_VIP	NA	NA	NA	interactivereport/cellxgene_VIP
Cepo	NA	NA	NA	PYangLab/Cepo
Cerebro	NA	NA	NA	romanhaa/Cerebro
CeTF	CeTF	NA	NA	cbiagii/CeTF
cFIT	NA	NA	NA	pengminshi/cFIT
CHETAH	CHETAH	NA	NA	jdekanter/CHETAH
chooseR	NA	NA	NA	rbpatt2019/chooseR
Chord	NA	NA	NA	13308204545/Chord
CIDR	NA	NA	NA	VCCRI/CIDR
CIPR	NA	NA	NA	atakanekiz/CIPR-Package
Cirrocumulus	NA	NA	cirrocumulus	klarman-cell-observatory/cirrocumulus
CiteFuse	CiteFuse	NA	NA	SydneyBioX/CiteFuse
CITEseqCount	NA	NA	CITE-seq-Count	Hoohm/CITE-seq-Count
Citrus	NA	NA	NA	ChenMengjie/Citrus
CLEAR	NA	NA	NA	ml4bio/CLEAR
clonealign	NA	NA	NA	kieranrcampbell/clonealign
cluster_diffex	NA	NA	NA	simslab/cluster_diffex2018
clusterExperiment	clusterExperiment	NA	NA	epurdom/clusterExperiment
Clustergrammer2	NA	NA	clustergrammer2	ismms-himc/clustergrammer2
ClusterMap	NA	NA	NA	xgaoo/ClusterMap
ClusterMine	NA	NA	NA	NA
clustermole	NA	clustermole	NA	igordot/clustermole
clusterpval	NA	NA	NA	lucylgao/clusterpval
clustifyr	clustifyr	NA	NA	rnabioco/clustifyr
CMFImpute	NA	NA	NA	xujunlin123/CMFImpute
cna	NA	NA	cna	yakirr/cna
cNMF	NA	NA	NA	dylkot/cNMF
CNNC	NA	NA	NA	xiaoyeye/CNNC
COAC	NA	NA	NA	ChengF-Lab/COAC
CoGAPs	CoGAPS	NA	NA	FertigLab/CoGAPS
cola	cola	NA	NA	jokergoo/cola
COMET	NA	NA	COMETSC	MSingerLab/COMETSC
Compartmap	compartmap	NA	NA	biobenkj/compartmap
compass	NA	NA	NA	nceglia/compass
CONCLUS	conclus	NA	NA	lancrinlab/CONCLUS
condiments	condiments	NA	NA	HectorRDB/condiments
CoNGA	NA	NA	NA	phbradley/conga
CONGAS	NA	NA	congas	caravagnalab/congas
CONICS	NA	NA	NA	diazlab/CONICS
Connectome	NA	NA	NA	msraredon/Connectome
Conos	NA	conos	NA	hms-dbmi/conos
constclust	NA	NA	constclust	ivirshup/constclust
corral	corral	NA	NA	laurenhsu1/corral
COSG	NA	NA	cosg	genecell/COSG
COSGR	NA	NA	NA	genecell/COSGR
COSLIR	NA	NA	NA	Ge-lab-pku/COSLIR
CoSpar	NA	NA	cospar	AllonKleinLab/cospar
COT	NA	NA	NA	MintaYLu/COT
countClust	CountClust	NA	NA	kkdey/CountClust
coupleCoC	NA	NA	NA	cuhklinlab/coupleCoC
coupleCoC_plus	NA	NA	NA	cuhklinlab/coupleCoC_plus
coupledAE-patchseq	NA	NA	NA	alleninstitute/coupledAE-patchseq
CPA	NA	NA	NA	facebookresearch/CPA
CPLVM	NA	NA	cplvm	andrewcharlesjones/cplvm
CrossTalkeR	NA	NA	NA	CostaLab/CrossTalkeR
CSHMM	NA	NA	NA	jessica1338/CSHMM-for-time-series-scRNA-Seq
CSHMM-TF	NA	NA	NA	jessica1338/CSHMM-TF-for-time-series-scRNA-Seq
CSMF	NA	NA	NA	NA
CSN	NA	NA	NA	wys8c764/CSN
CSOmap	NA	NA	NA	NA
CStreet	NA	NA	cstreet	TongjiZhanglab/CStreet
ctgGEM	ctgGEM	NA	NA	bicbioeng/ctgGEM
cTPnet	NA	NA	cTPnet	zhouzilu/cTPnet
cvCovEst	NA	cvCovEst	NA	PhilBoileau/cvCovEst
Cyclum	NA	NA	NA	KChen-lab/cyclum
Cytopath	NA	NA	cytopath	aron0093/cytopath
CytoTalk	NA	NA	NA	tanlabcode/CytoTalk
D-EE	NA	NA	NA	ShaokunAn/D-EE
D3E	NA	NA	NA	hemberg-lab/D3E
dandelion	NA	NA	sc-dandelion	zktuong/dandelion
DC3	NA	NA	NA	SUwonglab/DC3
DCA	NA	NA	DCA	theislab/dca
DCA_R	NA	DCA	NA	cran/DCA
DDA	NA	NA	NA	gbouland/DDA
ddSeeker	NA	NA	NA	cgplab/ddSeeker
DECENT	NA	NA	NA	cz-ye/DECENT
DECODE	NA	NA	NA	shmohammadi86/DECODE
deCS	NA	NA	NA	GuangshengPei/deCS
DEEF	NA	NA	NA	DaigoOkada/deef
DeepCycle	NA	NA	NA	andreariba/DeepCycle
DeepDRIM	NA	NA	NA	jiaxchen2-c/DeepDRIM
DeepImpute	NA	NA	NA	lanagarmire/DeepImpute
DeepSEM	NA	NA	NA	HantaoShu/DeepSEM
DeepSort	NA	NA	NA	ZJUFanLab/DeepSort
DEGAS	NA	NA	NA	tsteelejohnson91/DEGAS
DeLorean	NA	DeLorean	NA	JohnReid/DeLorean
Demuxalot	NA	NA	demuxalot	herophilus/demuxalot
demuxlet	NA	NA	NA	statgen/demuxlet
DEN	NA	NA	NA	isaacrob/DEN
DENDRO	NA	NA	NA	zhouzilu/DENDRO
DendroSplit	NA	NA	dendrosplit	jessemzhang/dendrosplit
densityCut	NA	NA	NA	NA
DensityPath	NA	NA	NA	ucasdp/DensityPath
densvis	densvis	NA	NA	Alanocallaghan/densvis
densVis	NA	NA	NA	hhcho/densvis
DepecheR	DepecheR	NA	NA	Theorell/DepecheR
DESC	NA	NA	desc	eleozzr/desc
DESCEND	NA	NA	NA	jingshuw/descend
DEsingle	DEsingle	NA	NA	miaozhun/DEsingle
destiny	destiny	NA	NA	NA
DevKidCC	NA	NA	NA	KidneyRegeneration/DevKidCC
DEWAKSS	NA	NA	DEWAKSS	NA
Dhaka	NA	NA	NA	sabrinar/Dhaka
DIALOGUE	NA	NA	NA	livnatje/DIALOGUE
DIEM	NA	NA	NA	marcalva/diem
DigitalCellSorter	NA	NA	DigitalCellSorter	sdomanskyi/DigitalCellSorter
DIMMSC	NA	NA	NA	NA
dincta	NA	NA	NA	songtingstone/dincta
Dino	NA	NA	NA	JBrownBiostat/Dino
DISC	NA	NA	disc	xie-lab/DISC
DIscBIO	NA	DIscBIO	NA	ocbe-uio/DIscBIO
DISCO	NA	NA	NA	NA
distinct	distinct	NA	NA	SimoneTiberi/distinct
DistMap	NA	NA	NA	rajewsky-lab/distmap
DittoSeq	dittoSeq	NA	NA	dtm2451/DittoSeq
dmatch	NA	NA	NA	qzhan321/Dmatch
Domino	NA	NA	NA	chris-cherry/domino
DoubletDecon	NA	NA	NA	EDePasquale/DoubletDecon
DoubletDetection	NA	NA	doubletdetection	JonathanShor/DoubletDetection
DoubletFinder	NA	NA	NA	chris-mcginnis-ucsf/DoubletFinder
DPre	NA	NA	NA	LoaloaF/DPre
DPT	NA	NA	NA	NA
DRA	NA	NA	NA	eugenelin1/DRA
dragonsc	NA	NA	NA	arc85/dragonsc
DrImpute	NA	DrImpute	NA	ikwak2/DrImpute
DrivAER	NA	NA	NA	lkmklsmn/DrivAER
dropbead	NA	NA	NA	rajewsky-lab/dropbead
dropClust	NA	NA	NA	debsin/dropClust
dropEst	NA	NA	NA	hms-dbmi/dropEst
dropkick	NA	NA	dropkick	KenLauLab/dropkick
DropLasso	NA	NA	NA	jpvert/droplasso
DropletQC	NA	NA	NA	powellgenomicslab/DropletQC
DropletUtils	DropletUtils	NA	NA	MarioniLab/DropletUtils
dropSeqPipe	NA	NA	dropSeqPipe	Hoohm/dropSeqPipe
dropsim	NA	NA	NA	marchinilab/dropsim
DrSeq2	NA	NA	NA	ChengchenZhao/DrSeq2
DSAVE-M	NA	NA	NA	SysBioChalmers/DSAVE-M
DSAVE-R	NA	NA	NA	SysBioChalmers/DSAVE-R
dsb	NA	dsb	NA	niaid/dsb
DTAE	NA	NA	NA	hci-unihd/DTAE
DTFLOW	NA	NA	NA	statway/DTFLOW
DTUrtle	NA	NA	NA	TobiTekath/DTUrtle
DTWScore	NA	NA	NA	xiaoxiaoxier/DTWscore
DUBStepR	NA	DUBStepR	NA	prabhakarlab/DUBStepR
Dune	Dune	NA	NA	HectorRDB/Dune
DUSC	NA	NA	NA	KorkinLab/DUSC
Dynamo	NA	NA	NA	aristoteleo/dynamo-release
dynDeepDRIM	NA	NA	NA	yuxu-1/dynDeepDRIM
dyngen	NA	dyngen	NA	dynverse/dyngen
dynverse	NA	NA	NA	dynverse/dynverse
ECLAIR	NA	NA	ECLAIR	GGiecold/ECLAIR
EDGE	NA	NA	NA	shawnstat/EDGE
EEISP	NA	NA	NA	Natsu01/EEISP
elasticC3	NA	NA	NA	cuhklinlab/elasticC3
ELeFHAnt	NA	NA	NA	praneet1988/ELeFHAnt
ELSA	NA	NA	NA	diazlab/ELSA
embeddr	NA	NA	NA	kieranrcampbell/embeddr
EMEP	NA	NA	NA	lixt314/EMEP
EmptyNN	NA	NA	NA	lkmklsmn/empty_nn
ENCORE	NA	NA	NA	SONG0417/ENCORE_V1.0
ENHANCE	NA	NA	NA	yanailab/enhance
EnImpute	NA	NA	NA	Zhangxf-ccnu/EnImpute
EnsembleKQC	NA	NA	NA	mzhq/EnsembleKQC
EnTSSR	NA	NA	NA	Oyl-CityU/EnTSSR
EPIC	NA	NA	NA	rujinwang/EPIC
eQTLsingle	NA	NA	NA	horsedayday/eQTLsingle
ESAT	NA	NA	NA	garber-lab/ESAT
escape	escape	NA	NA	ncborcherding/escape
ESCO	NA	NA	NA	JINJINT/ESCO
eSPRESSO	NA	NA	NA	tmorikuicr/espresso
eSVD	NA	NA	NA	linnykos/esvd
Falco	NA	NA	NA	VCCRI/Falco
FastCount	NA	NA	NA	NA
FastProject	NA	NA	FastProject	YosefLab/FastProject
FateID	NA	FateID	NA	dgrun/FateID
fba	NA	NA	fba	jlduan/fba
fcoex	fcoex	NA	NA	csbl-usp/fcoex
FEAST	FEAST	NA	NA	suke18/FEAST
FEATS	NA	NA	feats	edwinv87/feats
FIESTA	NA	NA	NA	elnazmirzaei/FIESTA
FiRE	NA	FiRE	NA	princethewinner/FiRE
FIRM	NA	NA	NA	mingjingsi/FIRM
fishpond	fishpond	NA	NA	mikelove/fishpond
FLAMES	NA	NA	NA	LuyiTian/FLAMES
flotilla	NA	NA	flotilla	yeolab/flotilla
FlowGrid	NA	NA	FlowGrid	holab-hku/FlowGrid
FLOWMAPR	NA	NA	NA	zunderlab/FLOWMAP
FORKS	NA	NA	NA	macsharma/FORKS
FRmatch	NA	NA	NA	JCVenterInstitute/FRmatch
FUNKI	NA	NA	NA	saezlab/ShinyFUNKI
G2S3	NA	NA	NA	ZWang-Lab/G2S3
GapClust	NA	NA	NA	fabotao/GapClust
Garnett	NA	NA	NA	cole-trapnell-lab/garnett
gCAnno	NA	NA	NA	xjtu-omics/gCAnno
geneBasisR	NA	NA	NA	MarioniLab/geneBasisR
GenePattern	NA	NA	genepattern-python	genepattern/single_cell_clustering_notebook
genesorteR	NA	NA	NA	mahmoudibrahim/genesorteR
GeneSwitches	NA	NA	NA	SGDDNB/GeneSwitches
geosketch	NA	NA	geosketch	brianhie/geosketch
gficf	NA	NA	NA	dibbelab/gficf
GiniClust	NA	NA	NA	lanjiangboston/GiniClust
GiniClust2	NA	NA	NA	dtsoucas/GiniClust2
GiniClust3	NA	NA	giniclust3	rdong08/GiniClust3
GLM-PCA	NA	glmpca	NA	willtownes/glmpca
glmGamPoi	glmGamPoi	NA	NA	const-ae/glmGamPoi
GLUER	NA	NA	NA	tanlabcode/GLUER
GMM-Demux	NA	NA	GMM-Demux	CHPGenetics/GMM-demux
GPcounts	NA	NA	NA	ManchesterBioinference/GPcounts
GPfates	NA	NA	NA	Teichlab/GPfates
GPseudoClust	NA	NA	NA	magStra/GPseudoClust
GPseudoRank	NA	NA	NA	magStra/GPseudoRank
Granatum	NA	NA	NA	NA
GrandPrix	NA	NA	NA	ManchesterBioinference/GrandPrix
graph-sc	NA	NA	graph-sc	ciortanmadalina/graph-sc-package
GraphCS	NA	NA	NA	biomed-AI/GraphCS
GraphEmbed	NA	NA	graphembed	fabriziocosta/GraphEmbed
GraphSCC	NA	NA	NA	biomed-AI/GraphSCC
GraphSCI	NA	NA	NA	GraphSCI/GraphSCI
GRISLI	NA	NA	NA	PCAubin/GRISLI
GRM	NA	NA	NA	NA
GRNUlar	NA	NA	NA	Harshs27/GRNUlar
GRNVBEM	NA	NA	NA	mscastillo/GRNVBEM
h-tSNE	NA	NA	NA	Cobanoglu-Lab/h-tSNE
Haisu	NA	NA	NA	Cobanoglu-Lab/Haisu
Harmony	NA	harmony	NA	immunogenomics/harmony
hbfm	NA	NA	NA	mnsekula/hbfm
HD-AE	NA	NA	NA	suinleelab/HD-AE
HGC	HGC	NA	NA	stevenhuakui/HGC
HiDeF	NA	NA	hidef	fanzheng10/HiDeF
hierarchicell	NA	NA	NA	kdzimm/hierarchicell
HieRFIT	NA	NA	NA	yasinkaymaz/HieRFIT
HIPPO	HIPPO	NA	NA	tk382/HIPPO
HocusPocus	NA	NA	NA	joeburns06/hocuspocus
HoneyBADGER	NA	NA	NA	JEFworks/HoneyBADGER
HopLand	NA	NA	NA	NetLand-NTU/HopLand
Hopper	NA	NA	NA	bendemeo/hopper
Hotspot	NA	NA	NA	Yoseflab/Hotspot
HPL	NA	NA	NA	lcmmichielsen/hierarchicalprogressivelearning
hscScore	NA	NA	NA	fionahamey/hscScore
HurdleNormal	NA	NA	NA	amcdavid/HurdleNormal
hypercluster	NA	NA	hypercluster	liliblu/hypercluster
I-Impute	NA	NA	i-impute	xikanfeng2/I-Impute
i2dash	NA	i2dash	NA	NA
iasva	iasva	NA	NA	UcarLab/iasva
ICAnet	NA	NA	NA	WWXkenmo/ICAnet
ICELLNET	NA	NA	NA	soumelis-lab/ICELLNET
iCellR	NA	iCellR	NA	rezakj/iCellR
iDEA	NA	NA	NA	xzhoulab/iDEA
IDEAS	NA	NA	NA	NA
IKAP	NA	NA	NA	NHLBI-BCB/IKAP
ILoReg	ILoReg	NA	NA	elolab/iloreg
iMAP	NA	NA	imap	Svvord/iMAP
ImmClassifier	NA	NA	NA	xliu-uth/ImmClassifier
immunarch	NA	immunarch	NA	immunomind/immunarch
ImSpectR	NA	NA	NA	martijn-cordes/ImSpectR
indeXplorer	NA	NA	NA	NA
inferCNV	infercnv	NA	NA	broadinstitute/inferCNV
inferCNVpy	NA	NA	infercnvpy	icbi-lab/infercnvpy
Inferelator	NA	NA	inferelator	flatironinstitute/inferelator
infohet	NA	NA	NA	mjcasy/infohet
INSCT	NA	NA	NA	lkmklsmn/insct
InterCellar	InterCellar	NA	NA	martaint/InterCellar
iQcell	NA	NA	NA	NA
IRIS-FGM	IRISFGM	NA	NA	BMEngineeR/IRISFGM
IronThrone-GoT	NA	NA	NA	landau-lab/IronThrone-GoT
iS-CellR	NA	NA	NA	immcore/iS-CellR
iscandar	NA	NA	NA	jarny/iscandar
iSEE	iSEE	NA	NA	csoneson/iSEE
iSMNN	NA	NA	NA	yycunc/iSMNN
ISnorm	NA	NA	NA	bioliyezhang/ISnorm
ISOP	NA	NA	NA	nghiavtr/ISOP
iTALK	NA	NA	NA	Coolgenome/iTALK
ItClust	NA	NA	ItClust	jianhuupenn/ItClust
iterClust	iterClust	NA	NA	hd2326/iterClust
ivis	NA	NA	ivis	beringresearch/ivis
jackstraw	NA	jackstraw	NA	ncchung/jackstraw
JGNsc	NA	NA	NA	meichendong/JGNsc
JIND	NA	NA	NA	mohit1997/JIND
JOINT	NA	NA	NA	wanglab-georgetown/JOINT
JSOM	NA	NA	NA	hlim95/JSOM
jSRC	NA	NA	NA	xkmaxidian/jSRC
Jvis	NA	NA	Jvis-learn	canzarlab/JVis-learn
k-branches	NA	NA	NA	theislab/kbranches
K2Taxonomer	NA	NA	NA	montilab/K2Taxonomer
kallisto	NA	NA	NA	pachterlab/kallisto
kBET	NA	NA	NA	theislab/kBET
KMD	NA	NA	NA	KaplanLab/KMDHierarchicalClustering
kmermaid	NA	NA	NA	nf-core/kmermaid
knn_smooth	NA	NA	NA	yanailab/knn-smoothing
KPNN	NA	NA	NA	epigen/KPNN
LAK	NA	NA	NA	HIT-biostatistical/LAK
LAmbDA	NA	NA	NA	tsteelejohnson91/LAmbDA
Lamian	NA	NA	NA	Winnie09/Lamian
LandSCENT	NA	NA	NA	ChenWeiyan/LandSCENT
LATE	NA	NA	NA	audreyqyfu/LATE
LEAP	NA	LEAP	NA	NA
learn2count	NA	NA	NA	drisso/learn2count
LIANA	NA	NA	NA	saezlab/liana
LIGER	NA	rliger	NA	welch-lab/liger
LineagePulse	LineagePulse	NA	NA	YosefLab/LineagePulse
Linnorm	Linnorm	NA	NA	kenshunyip/Linnorm
LinQView	NA	NA	NA	WilsonImmunologyLab/LinQView
locCSN	NA	NA	locCSN	xuranw/locCSN
LTMGSCA	NA	NA	NA	clwan/LTMGSCA
M3Drop	M3Drop	NA	NA	tallulandrews/M3Drop
M3S	NA	NA	NA	zy26/M3S
MAAPER	NA	MAAPER	NA	Vivianstats/MAAPER
MacroPolo	NA	NA	NA	ch6845/MarcoPolo
MAESTRO	NA	NA	NA	liulab-dfci/MAESTRO
MAGAN	NA	NA	NA	KrishnaswamyLab/MAGAN
MAGIC	NA	Rmagic	magic-impute	KrishnaswamyLab/MAGIC
MAPiT	NA	NA	NA	karstenkuritz/MAPiT
MarkerCount	NA	NA	MarkerCount	combio-dku/MarkerCount
MARS	NA	NA	NA	snap-stanford/mars
MAST	MAST	NA	NA	RGLab/MAST
MAT2	NA	NA	NA	Zhang-Jinglong/MAT2
MATCHER	NA	NA	pymatcher	jw156605/MATCHER
matchSCore	NA	NA	NA	NA
matchSCore2	NA	NA	NA	elimereu/matchSCore2
mbkmeans	mbkmeans	NA	NA	drisso/mbkmeans
mcap	NA	NA	NA	btaschler/mcap
McImpute	NA	NA	NA	aanchalMongia/McImpute_scRNAseq
MCXpress	NA	NA	NA	ARTbio/MCXpress
MEDALT	NA	NA	NA	KChen-lab/MEDALT
MELD	NA	NA	meld	KrishnaswamyLab/MELD
MERLoT	NA	NA	NA	soedinglab/merlot
MetaCell	NA	NA	NA	NA
metacells	NA	NA	metacells	tanaylab/metacells
MetaNeighbor	MetaNeighbor	NA	NA	gillislab/MetaNeighbor
MFA	mfa	NA	NA	kieranrcampbell/mfa
MGFR	MGFR	NA	NA	NA
MicroCellClust	NA	NA	NA	agerniers/MicroCellClust
MICTI	NA	NA	MICTI	insilicolife/micti
Millefy	NA	NA	NA	yuifu/millefy
miloR	miloR	NA	NA	MarioniLab/miloR
MIMOSCA	NA	NA	NA	asncd/MIMOSCA
MIND	NA	NA	NA	randel/MIND
minicore	NA	NA	NA	dnbaker/minicore
minnow	NA	NA	NA	COMBINE-lab/minnow
miQC	miQC	NA	NA	greenelab/miQC
miRSCAPE	NA	NA	NA	hannenhalli-lab/miRSCAPE
mitch	mitch	NA	NA	markziemann/mitch
MLG	NA	NA	NA	keleslab/mlg
mmutil	NA	NA	NA	ypark/mmutil
mnnpy	NA	NA	mnnpy	chriscainx/mnnpy
Moana	NA	NA	moana	yanailab/moana
MOFA	NA	NA	mofapy	bioFAM/MOFA
MOFA2	MOFA2	NA	mofapy2	bioFAM/MOFA2
Monet	NA	NA	monet	flo-compbio/monet
Monocle	monocle	NA	NA	cole-trapnell-lab/monocle-release
MOSCATO	NA	NA	NA	lorinmil/MOSCATO
Mpath	NA	NA	NA	JinmiaoChenLab/Mpath
mpCMF	NA	NA	NA	pedrofale/mpCMF
MPSSC	NA	NA	NA	ishspsy/project
MQuad	NA	NA	mquad	single-cell-genetics/MQuad
MRFscRNAseq	NA	NA	NA	eddiehli/MRFscRNAseq
mrtree	NA	NA	NA	pengminshi/MRtree
MTGO-SC	NA	NA	NA	ne1s0n/MTGOsc
mtSC	NA	NA	mtSC	bm2-lab/mtSC
MUDAN	NA	NA	NA	JEFworks/MUDAN
MultiK	NA	NA	NA	siyao-liu/MultiK
MultiMAP	NA	NA	NA	Teichlab/MultiMAP
MUREN	NA	NA	NA	hippo-yf/MUREN
muscat	muscat	NA	NA	HelenaLC/muscat
MuSiC	NA	NA	NA	xuranw/MuSiC
MUSIC	NA	NA	NA	bm2-lab/MUSIC
MuTrans	NA	NA	NA	cliffzhou92/MuTrans-release
NaiveDE	NA	NA	NaiveDE	Teichlab/NaiveDE
NanoPARE	NA	NA	NA	Gregor-Mendel-Institute/NanoPARE
NATMI	NA	NA	NA	forrest-lab/NATMI
NBID	NA	NA	NA	NA
NEBULA	NA	NA	NA	lhe17/nebula
Nebulosa	Nebulosa	NA	NA	powellgenomicslab/Nebulosa
NetImpute	NA	NA	NA	yiangcs001/NetImpute
netNMF-sc	NA	NA	netNMFsc	raphael-group/netNMF-sc
netSmooth	netSmooth	NA	NA	BIMSBbioinfo/netSmooth
netsne	NA	NA	NA	hhcho/netsne
NetworkInference	NA	NA	NA	Tchanders/NetworkInference.jl
NewWave	NewWave	NA	NA	fedeago/NewWave
nichenetr	NA	NA	NA	saeyslab/nichenetr
NIFA	NA	NA	NA	wgmao/NIFA
nimfa	NA	NA	nimfa	ccshao/nimfa
northstar	NA	NA	northstar	northstaratlas/northstar
novoSpaRc	NA	NA	novosparc	rajewsky-lab/novosparc
OCAT	NA	NA	OCAT	bowang-lab/OCAT
ODEGRfinder	NA	NA	NA	hmatsu1226/ODEGRfinder
OEFinder	NA	NA	NA	lengning/OEFinder
OGFSC	NA	NA	NA	XZouProjects/OGFSC_matlab
OnClass	NA	NA	OnClass	wangshenguiuc/OnClass
OnlinePCA	NA	NA	NA	rikenbit/OnlinePCA.jl
OpenVisuMap	NA	NA	NA	VisuMap/OpenVisuMap
OscoNet	NA	NA	NA	alexisboukouvalas/OscoNet
Oscope	Oscope	NA	NA	NA
Ouija	NA	NA	NA	kieranrcampbell/ouija
ouijaflow	NA	NA	NA	kieranrcampbell/ouijaflow
Outrigger	NA	NA	outrigger	YeoLab/outrigger
pagoda2	NA	pagoda2	NA	hms-dbmi/pagoda2
Palantir	NA	NA	palantir	dpeerlab/Palantir
Pamona	NA	NA	pamona	caokai1073/Pamona
Pando	NA	NA	NA	quadbiolab/Pando
ParaDPMM	NA	NA	NA	tiehangd/Para_DPMM
PARC	NA	NA	parc	ShobiStassen/PARC
PBA	NA	NA	NA	AllonKleinLab/PBA
PBLR	NA	NA	NA	NA
pcaReduce	NA	NA	NA	JustinaZ/pcaReduce
pCMF	NA	NA	NA	NA
pcqc	NA	NA	NA	RoussosLab/pcqc
pCreode	NA	NA	pcreode	KenLauLab/pCreode
peco	peco	NA	NA	jhsiao999/peco
Pegasus	NA	NA	pegasuspy	klarman-cell-observatory/pegasus
PHATE	NA	phateR	phate	KrishnaswamyLab/PHATE
PhEMD	phemd	NA	NA	KrishnaswamyLab/phemd
PhenoPath	phenopath	NA	NA	kieranrcampbell/phenopath
PhylEx	NA	NA	NA	junseonghwan/PhylEx
phyloRNA	NA	NA	NA	bioDS/phyloRNA
PieParty	NA	NA	pieparty	harbourlab/PieParty
PIMseq	NA	NA	NA	CenterForStatistics-UGent/PIMseq
pipeComp	pipeComp	NA	NA	plger/pipeComp
PISCES	NA	NA	NA	califano-lab/PISCES
PIVOT	NA	NA	NA	qinzhu/PIVOT
pLDA	NA	NA	NA	wuxiaotiankevin/pLDA
pmVAE	NA	NA	NA	ratschlab/pmvae
PoissonUMIs	NA	NA	NA	tallulandrews/PoissonUMIs
Polaratio	NA	NA	NA	dubai03nsr/Polaratio
polyApipe	NA	NA	NA	swbioinf/polyapipe
PopAlign	NA	NA	NA	thomsonlab/popalign
powerEQTL	NA	NA	NA	sterding/powerEQTL
POWSC	POWSC	NA	NA	suke18/POWSC
powsimR	NA	NA	NA	bvieth/powsimR
Pre-Phaser	NA	NA	NA	ayurovsky/Pre-Phaser
PRESCIENT	NA	NA	prescient	gifford-lab/prescient
ProjecTILs	NA	NA	NA	carmonalab/ProjecTILs
PROSSTT	NA	NA	NA	soedinglab/prosstt
protaccel	NA	NA	protaccel	pachterlab/GSP_2019
Pseudocell_Tracer	NA	NA	NA	akds/pseudocell
pseudodynamics	NA	NA	NA	theislab/pseudodynamics
pseudoga	NA	NA	NA	indranillab/pseudoga
pseudogp	NA	NA	NA	kieranrcampbell/pseudogp
PseudotimeDE	NA	NA	NA	SONGDONGYUAN1994/PseudotimeDE
PsiNorm	NA	NA	NA	MatteoBlla/PsiNorm
Psix	NA	NA	NA	lareaulab/Psix
pyHSICLasso	NA	NA	pyHSICLasso	riken-aip/pyHSICLasso
PyMINEr	NA	NA	NA	NA
pyNVR	NA	NA	NA	KenLauLab/NVR
PySCUBA	NA	NA	PySCUBA	GGiecold/PySCUBA
qSNE	NA	NA	NA	NA
quasildr	NA	NA	quasildr	jzthree/quasildr
QUBIC2	NA	NA	NA	OSU-BMBL/QUBIC2
RaceID	NA	RaceID	NA	dgrun/RaceID3_StemID2_package
RAFSIL	NA	NA	NA	NA
RainDrop	NA	NA	NA	NA
Randomly	NA	NA	randomly	RabadanLab/randomly
RankCorr	NA	NA	NA	ahsv/RankCorr
RayleighSelection	NA	NA	NA	CamaraLab/RayleighSelection
RCA	NA	NA	NA	GIS-SP-Group/RCA
rCASC	NA	NA	NA	kendomaniac/rCASC
RCAv2	NA	NA	NA	prabhakarlab/RCAv2
RcppML	NA	RcppML	NA	zdebruine/RcppML
RCSL	RCSL	RCSL	NA	QinglinMei/RCSL
REBET	NA	NA	NA	genemine/REBET
reCAT	NA	NA	NA	tinglab/reCAT
RecursiveConsensusClustering	NA	NA	NA	MSCTR/RecursiveConsensusClustering
Red_Panda	NA	NA	NA	adamcornish/red_panda
redPATH	NA	NA	NA	tinglab/redPATH
RESCUE	NA	rescue	NA	seasamgo/rescue
Revelio	NA	NA	NA	danielschw188/Revelio
RGGC	NA	NA	NA	zliu3/RGGC
RNA-Bloom	NA	NA	NA	bcgsc/RNA-Bloom
RNA-Sieve	NA	NA	rnasieve	songlab-cal/rna-sieve
robustSingleCell	NA	NA	NA	asmagen/robustSingleCell
ROGUE	NA	NA	NA	PaulingLiu/ROGUE
ROSeq	NA	NA	NA	malaalam/ROSeq
ROSeq-R	ROSeq	NA	NA	krishan57gupta/ROSeq
rpca	NA	rpca	NA	macieksk/rpca
RSCORE	NA	NA	NA	wycwycpku/RSCORE
Rsubread	Rsubread	NA	NA	NA
rSuperCT	NA	NA	NA	weilin-genomics/rSuperCT
rusty_axe	NA	NA	rusty-axe-bbrener1	bbrener1/rusty_axe
RVAgene	NA	NA	NA	maclean-lab/RVAgene
SAFE	NA	NA	NA	yycunc/SAFEclustering
SAIC	NA	NA	NA	xiweiwu/SAIC
sake	NA	NA	NA	naikai/sake
salmon	NA	NA	NA	COMBINE-lab/salmon
SAM	NA	NA	sam-algorithm	atarashansky/self-assembling-manifold
SampleQC	NA	NA	NA	wmacnair/sampleqc
SAMstrt	NA	NA	NA	shka/R-SAMstrt
Sanity	NA	NA	NA	jmbreda/Sanity
satuRn	satuRn	NA	NA	statOmics/satuRn
SAUCIE	NA	NA	NA	KrishnaswamyLab/SAUCIE
SAVER	NA	SAVER	NA	mohuangx/SAVER
SAVER-X	NA	NA	NA	jingshuw/SAVERX
SBDN	NA	NA	NA	NA
sc-compReg	NA	NA	NA	SUwonglab/sc-compReg
sc-jnmf	NA	NA	NA	agis09/sc-jnmf
sc-REnF	NA	NA	NA	Snehalikalall/sc-REnF
SC2P	NA	NA	NA	haowulab/SC2P
SC3	SC3	NA	NA	hemberg-lab/sc3
SC3s	NA	NA	sc3s	hemberg-lab/sc3s
SCA	NA	NA	NA	bendemeo/shannonca
scAAnet	NA	NA	NA	AprilYuge/scAAnet_latest
scACE	NA	NA	NA	cuhklinlab/scACE
scAdapt	NA	NA	NA	zhoux85/scAdapt
scAEspy	NA	NA	scaespy	NA
SCAFE	NA	NA	NA	chung-lab/scafe
scAI	NA	NA	NA	sqjin/scAI
scAIDE	NA	NA	NA	tinglabs/scAIDE
scAL	NA	NA	NA	xianglin226/scAL
SCALE	NA	NA	NA	yuchaojiang/SCALE
SCALEX	NA	NA	scalex	jsxlei/SCALEX
scAlign	scAlign	NA	NA	quon-titative-biology/scAlign
scAlleleCount	NA	NA	NA	barkasn/scAlleleCount
scAMACE	NA	NA	NA	cuhklinlab/scAMACE
scAMACE_py	NA	NA	NA	cuhklinlab/scAMACE_py
scAmpi	NA	NA	NA	ETH-NEXUS/scAmpi_single_cell_RNA
scAnCluster	NA	NA	NA	xuebaliang/scAnCluster
scanorama	NA	NA	scanorama	brianhie/scanorama
Scanpy	NA	NA	scanpy	theislab/scanpy
scAPA	NA	NA	NA	ElkonLab/scAPA
scAPAtrap	NA	NA	NA	BMILAB/scAPAtrap
SCAPTURE	NA	NA	NA	YangLab/SCAPTURE
scArches	NA	NA	scArches	theislab/scarches
scarf	NA	NA	scarf	parashardhapola/scarf
scASK	NA	NA	NA	liubo2358/scASKcmd
Scater	scater	NA	NA	davismcc/scater
SCATS	NA	NA	NA	huyustats/SCATS
SCATTome	NA	NA	NA	bvnlab/SCATTome
scBASE	NA	NA	scbase	churchill-lab/scBASE
scBatch	NA	NA	NA	tengfei-emory/scBatch
scbean	NA	NA	scbean	jhu99/scbean
scBio	NA	scBio	NA	NA
scBT	NA	NA	NA	satabdisaha1288/scBT
SCC	NA	NA	NA	nwpuzhengyan/SCC
scCAEs	NA	NA	NA	gushenweiz/scCAEs
SCCAF	NA	NA	SCCAF	SCCAF/sccaf
scCAN	NA	scCAN	NA	cran/scCAN
scCancer	NA	NA	NA	wguo-research/scCancer
scCaps	NA	NA	NA	wanglf19/scCaps
scCATCH	NA	NA	NA	ZJUFanLab/scCATCH
scCB2	scCB2	NA	NA	zijianni/scCB2
scCCESS	NA	NA	NA	gedcom/scCCESS
scClassifR	scClassifR	NA	NA	grisslab/scClassifR
scClassify	scClassify	NA	NA	SydneyBioX/scClassify
scCLUE	NA	NA	NA	jeonglab/scCLUE
scClustBench	NA	NA	NA	taiyunkim/scClustBench
scclusteval	NA	NA	NA	crazyhottommy/scclusteval
scClustViz	NA	NA	NA	BaderLab/scClustViz
scCODA	NA	NA	scCODA	theislab/scCODA
scConnect	NA	NA	scConnect	JonETJakobsson/scConnect
scConsensus	NA	NA	NA	prabhakarlab/scConsensus
scCorr	NA	NA	NA	CBIIT-CGBB/scCorr
scDA	NA	NA	NA	ZCCQQWork/scDA
scDAPA	NA	NA	NA	NA
scDaPars	NA	NA	NA	YiPeng-Gao/scDaPars
scDART	NA	NA	NA	PeterZZQ/scDART
scDataviz	scDataviz	NA	NA	kevinblighe/scDataviz
scDblFinder	scDblFinder	NA	NA	plger/scDblFinder
scDBM	NA	NA	NA	MTreppner/scDBM.jl
scDCC	NA	NA	NA	ttgump/scDCC
scDD	scDD	NA	NA	kdkorthauer/scDD
scDDboost	NA	NA	NA	wiscstatman/scDDboost
SCDE	scde	NA	NA	hms-dbmi/scde
scDEAL	NA	NA	NA	OSU-BMBL/scDEAL
scDECAF	NA	NA	NA	DavisLaboratory/scDECAF
scDeepCluster	NA	NA	NA	ttgump/scDeepCluster
scDeepSort	NA	NA	NA	ZJUFanLab/scDeepSort
scDesign	NA	NA	NA	Vivianstats/scDesign
scDesign2	NA	NA	NA	JSB-UCLA/scDesign2
scDetect	NA	NA	NA	IVDgenomicslab/scDetect
scDGN	NA	NA	NA	SongweiGe/scDGN
scDHA	NA	scDHA	NA	duct317/scDHA
scdiff	NA	NA	scdiff	phoenixding/scdiff
scDiffCom	NA	scDiffCom	NA	CyrilLagger/scDiffCom
scdNet	NA	NA	NA	ChenLabGCCRI/scdNet
scdney	NA	NA	NA	sydneybiox/scdney
scDoc	NA	NA	NA	anlingUA/scDoc
scds	scds	NA	NA	kostkalab/scds
sceb	NA	NA	sceb	martinjzhang/single_cell_eb
Scedar	NA	NA	scedar	TaylorResearchLab/scedar
SCell	NA	NA	NA	diazlab/SCell
SCelVis	NA	NA	scelvis	bihealth/scelvis
SCENA	NA	NA	NA	shaoqiangzhang/SCENA
SCENIC	NA	NA	pyscenic	aertslab/SCENIC
SCENT	NA	NA	NA	aet21/SCENT
scEpath	NA	NA	NA	sqjin/scEpath
scETM	NA	NA	scETM	hui2000ji/scETM
scFates	NA	NA	scFates	LouisFaure/scFates
scFBA	NA	NA	NA	BIMIB-DISCo/scFBA
scFEA	NA	NA	NA	changwn/scFEA
scFeatureFilter	scFeatureFilter	NA	NA	gdevailly/scFeatureFilter
scfind	NA	NA	NA	hemberg-lab/scfind
scFlow	NA	NA	NA	combiz/scflow
scFusion	NA	NA	NA	XiDsLab/scFusion
scGAE	NA	NA	NA	ZixiangLuo1161/scGAE
scGAN	NA	NA	NA	imsb-uke/scGAN
scGEAToolbox	NA	NA	NA	jamesjcai/scGEAToolbox
scGen	NA	NA	scgen	theislab/scgen
scGeneFit	NA	NA	NA	solevillar/scGeneFit
scGESTALT	NA	NA	NA	aaronmck/SC_GESTALT
scGNN	NA	NA	NA	scgnn/scGNN
scGPS	scGPS	NA	NA	IMB-Computational-Genomics-Lab/scGPS
schema	NA	NA	schema-learn	rs239/schema
schex	schex	NA	NA	saskiafreytag/schex
scHinter	NA	NA	NA	BMILAB/scHinter
SCHiRM	NA	NA	NA	jeintos/SCHiRM
schist	NA	NA	NA	dawe/schist
scHLAcount	NA	NA	NA	10XGenomics/scHLAcount
SCHNAPPs	NA	NA	NA	C3BI-pasteur-fr/UTechSCB-SCHNAPPs
SCHNEL	NA	NA	NA	paulderaadt/HSNE-clustering
scHOT	scHOT	NA	NA	shazanfar/scHOT
scHPF	NA	NA	NA	simslab/scHPF
scHPL	NA	NA	scHPL	lcmmichielsen/scHPL
scIB	NA	NA	NA	theislab/scib
SciBet	NA	NA	NA	PaulingLiu/scibet
scicast	NA	NA	scicast	iandriver/SCICAST
scID	NA	NA	NA	BatadaLab/scID
scIGANs	NA	NA	NA	xuyungang/scIGANs
scIHPF	NA	NA	NA	barahona-research-group/scIHPF
Scillus	NA	NA	NA	xmc811/Scillus
SCIM	NA	NA	NA	ratschlab/scim
SCIMITAR	NA	NA	NA	dimenwarper/scimitar
scImpute	NA	NA	NA	Vivianstats/scImpute
SCINA	NA	SCINA	NA	jcao89757/SCINA
SCINET	NA	NA	NA	shmohammadi86/SCINET
scIntegral	NA	NA	scintegral	hanbin973/scIntegral
scipr	NA	NA	scipr	AmirAlavi/scipr
scirpy	NA	NA	scirpy	icbi-lab/scirpy
scisorseqr	NA	NA	NA	noush-joglekar/scisorseqr
scISR	NA	NA	NA	duct317/scISR
scIVA	NA	NA	NA	IMB-Computational-Genomics-Lab/scIVA
Sciviewer	NA	NA	sciviewer	colabobio/sciviewer
scLAPA	NA	NA	NA	BMILAB/scLAPA
scLCA	NA	NA	NA	NA
scLINE	NA	NA	NA	BMILAB/scLINE
SClineager	NA	NA	NA	inmybrain/SClineager
scLink	NA	scLink	NA	Vivianstats/scLink
scLVM	NA	NA	scLVM	PMBio/scLVM
scMAGeCK	scMAGeCK	NA	NA	NA
scmap	scmap	NA	NA	hemberg-lab/scmap
scMappR	NA	scMappR	NA	wilsonlabgroup/scMappR
SCMarker	NA	NA	NA	KChen-lab/SCMarker
scMatch	NA	NA	NA	forrest-lab/scMatch
scMC	NA	NA	NA	amsszlh/scMC
scMCA	NA	NA	NA	ggjlab/scMCA
SCMER	NA	NA	scmer	KChen-lab/SCMER
scMerge	scMerge	NA	NA	SydneyBioX/scMerge
scMetric	NA	NA	NA	XuegongLab/scMetric
scmixture	NA	NA	NA	tt104/scmixture
scMLnet	NA	NA	NA	SunXQlab/scMLnet
scMM	NA	NA	NA	kodaim1115/scMM
scModels	NA	scModels	NA	fuchslab/scModels
scMomentum	NA	NA	NA	larisa-msoto/scMomentum
SCmut	NA	NA	NA	nghiavtr/SCmut
scMVAE	NA	NA	NA	cmzuo11/scMVAE
scNBMF	NA	NA	NA	sqsun/scNBMF
scNCA	NA	NA	NA	gongx030/scNCA
scNetViz	NA	NA	NA	RBVI/scNetViz
SCNorm	SCnorm	NA	NA	rhondabacher/SCnorm
scNPF	NA	NA	NA	BMILAB/scNPF
SCNS	NA	NA	NA	swoodhouse/SCNS-GUI
scNym	NA	NA	scnym	calico/scnym
SCODE	NA	NA	NA	hmatsu1226/SCODE
scone	scone	NA	NA	YosefLab/scone
SCope	NA	NA	NA	aertslab/SCope
SCORPIUS	NA	SCORPIUS	NA	rcannood/SCORPIUS
SCOUP	NA	NA	NA	hmatsu1226/SCOUP
SCOUT	NA	NA	NA	statway/SCOUT
scPanoView	NA	NA	NA	mhu10/scPanoView
SCPattern	NA	NA	NA	lengning/SCPattern
scPCA	scPCA	NA	NA	PhilBoileau/scPCA
scphaser	NA	NA	NA	edsgard/scphaser
scPhere	NA	NA	NA	klarman-cell-observatory/scPhere
scPipe	scPipe	NA	NA	LuyiTian/scPipe
scploid	NA	NA	NA	MarioniLab/Aneuploidy2017
scPlot	NA	NA	scplot	klarman-cell-observatory/scPlot
scPNMF	NA	NA	NA	JSB-UCLA/scPNMF
scPOP	NA	scPOP	NA	vinay-swamy/scPOP
scPopCorn	NA	NA	scpopcorn	ncbi/scPopCorn
scPOST	NA	NA	NA	immunogenomics/scpost
scPower	NA	NA	NA	heiniglab/scPower
scPred	NA	NA	NA	powellgenomicslab/scPred
scprep	NA	NA	scprep	KrishnaswamyLab/scprep
scPretrain	NA	NA	NA	ruiyi-zhang/scPretrain
scProject	NA	NA	scProject	gofflab/scProject
SCQC	NA	NA	NA	ybai3/scqc
scQcut	NA	NA	NA	mary77/scQcut
scQuint	NA	NA	NA	songlab-cal/scquint
SCRABBLE	NA	NA	NA	tanlabcode/SCRABBLE
scRAE	NA	NA	NA	arnabkmondal/scRAE
scran	scran	NA	NA	MarioniLab/scran
SCRAT	NA	NA	NA	NA
scRCMF	NA	NA	NA	XiaoyingZheng121/scRCMF
SCReadCounts	NA	NA	NA	HorvathLab/NGS
scReClassify	scClassify	NA	NA	SydneyBioX/scReClassify
scRecover	scRecover	NA	NA	XuegongLab/scRecover
scREhurdle	NA	NA	NA	mnsekula/scREhurdle
Scribe	NA	NA	NA	aristoteleo/Scribe-py
SCRL	NA	NA	NA	SuntreeLi/SCRL
scRMD	NA	NA	NA	ChongC1990/scRMD
scRNA	NA	NA	NA	nicococo/scRNA
scRNABatchQC	NA	NA	NA	liuqivandy/scRNABatchQC
scRNAss	NA	NA	NA	NA
Scrublet	NA	NA	scrublet	AllonKleinLab/scrublet
scruff	scruff	NA	NA	campbio/scruff
scRutiNy	NA	NA	RNAscrutiny	NA
scry	scry	NA	NA	kstreet13/scry
SCSA	NA	NA	NA	bioinfo-ibms-pumc/SCSA
SCSC	NA	NA	NA	WgitU/SCSC
scScope	NA	NA	scScope	AltschulerWu-Lab/scScope
scSDAE	NA	NA	NA	klovbe/scSDAE
scSemiCluster	NA	NA	NA	xuebaliang/scSemiCluster
scSensitiveGeneDefine	NA	NA	NA	Zechuan-Chen/scSensitiveGeneDefine
scSeqR	NA	NA	NA	rezakj/scSeqR
scShaper	NA	NA	NA	elolab/scshaper
scsim	NA	NA	NA	dylkot/scsim
scSimClassify	NA	NA	NA	digi2002/scSimClassify
SCSit	NA	NA	scsit	shang-qian/SCSit
scsnv	NA	NA	NA	GWW/scsnv
scSO	NA	NA	NA	QuKunLab/scSO
scSorter	NA	scSorter	NA	hyguo2/scSorter
scSplit	NA	NA	scSplit	jon-xu/sc_split
scSVA	NA	NA	NA	klarman-cell-observatory/scSVA
scTCRseq	NA	NA	NA	ElementoLab/scTCRseq
scTDA	NA	NA	scTDA	pcamara/scTDA
scTE	NA	NA	NA	JiekaiLab/scTE
scTenifoldKnk	NA	scTenifoldKnk	NA	cailab-tamu/scTenifoldKnk
scTenifoldNet	NA	scTenifoldNet	NA	cailab-tamu/scTenifoldNet
scTensor	scTensor	NA	NA	NA
scTGIF	scTGIF	NA	NA	rikenbit/scTGIF
scTHI	scTHI	NA	NA	miccec/scTHI
scTIM	NA	NA	sc_tim	Frank-Orwell/scTIM
scTITANS	NA	NA	NA	ZJUFanLab/scTITANS
sctransform	NA	sctransform	NA	ChristophH/sctransform
scTree	NA	NA	NA	jspaezp/sctree
scTSSR	NA	NA	NA	Zhangxf-ccnu/scTSSR
scTyper	NA	NA	NA	omicsCore/scTyper
SCUBA	NA	NA	PySCUBA	gcyuan/SCUBA
scumi	NA	NA	NA	NA
scUnifrac	NA	NA	NA	liuqivandy/scUnifrac
scuttle	scuttle	NA	NA	LTLA/scuttle
scVAE	NA	NA	NA	chgroenbech/scVAE
scVDMC	NA	NA	NA	kuanglab/scVDMC
scVEGs	NA	NA	NA	hillas/scVEGs
scVelo	NA	NA	scvelo	theislab/scvelo
scvi-tools	NA	NA	scvi-tools	YosefLab/scvi-tools
scVirtualCyto	NA	NA	NA	FredPont/single-cell-virtual-cytometer
scvis	NA	NA	NA	NA
scvr	NA	NA	scvr	pinellolab/singlecellvr
scziDesk	NA	NA	NA	xuebaliang/scziDesk
SDAMS	SDAMS	NA	NA	NA
SDImpute	NA	NA	NA	Jinsl-lab/SDImpute
SEGtool	NA	NA	NA	NA
SelfE	NA	NA	NA	Priyadarshini-Rai/SelfE
SEMITONES	NA	NA	NA	ohlerlab/SEMITONES
SEPA	NA	NA	NA	zji90/SEPA
SEPIRA	SEPIRA	NA	NA	YC3/SEPIRA
seqgendiff	NA	seqgendiff	NA	dcgerard/seqgendiff
SERGIO	NA	NA	NA	PayamDiba/SERGIO
Seurat	NA	Seurat	NA	satijalab/seurat
SeuratV3Wizard	NA	NA	NA	nasqar/seuratv3wizard
SeuratWizard	NA	NA	NA	nasqar/SeuratWizard
sfaira	NA	NA	sfaira	theislab/sfaira
ShareNet	NA	NA	NA	alexw16/sharenet
SHARP	NA	NA	NA	shibiaowan/SHARP
Sharq	NA	NA	NA	NA
ShinyCell	NA	NA	NA	SGDDNB/ShinyCell
SiCeLoRe	NA	NA	NA	ucagenomix/sicelore
SICILIAN	NA	NA	NA	salzmanlab/SICILIAN
Sierra	NA	NA	NA	VCCRI/Sierra
SIEVE	NA	NA	NA	YinanZhang522/SIEVE
SigEMD	NA	NA	NA	NabaviLab/SigEMD
sigGCN	NA	NA	NA	NabaviLab/sigGCN
SigHotSpotter	NA	NA	NA	NA
SIGMA	NA	NA	NA	Siliegia/SIGMA
signac	NA	NA	NA	bioturing/signac
SignacX	NA	SignacX	NA	mathewchamberlain/SignacX
SILGGM	NA	SILGGM	NA	cran/SILGGM
SimCD	NA	NA	NA	namini94/SimCD
SimiC	NA	NA	NA	jianhao2016/simicLASSO_git
SIMLR	SIMLR	NA	SIMLR	BatzoglouLabSU/SIMLR
SIMPLEs	NA	NA	NA	JunLiuLab/SIMPLEs
simspec	NA	NA	NA	quadbiolab/simspec
SINC	NA	NA	NA	NA
sincell	sincell	NA	NA	NA
SINCERA	NA	NA	NA	xu-lab/SINCERA
SINCERITIES	NA	NA	NA	CABSEL/SINCERITIES
SinCHet	NA	NA	NA	NA
SINGE	NA	NA	NA	gitter-lab/SINGE
SingleCellExplorer	NA	NA	NA	d-feng/scExplorer
singleCellHaystack	NA	singleCellHaystack	NA	alexisvdb/singleCellHaystack
SingleCellNet	NA	NA	NA	pcahan1/singleCellNet
SingleCellSignalR	SingleCellSignalR	NA	NA	SCA-IRCM/SingleCellSignalR
SingleCellSignatureExplorer	NA	NA	NA	NA
singleCellTK	singleCellTK	NA	NA	compbiomed/singleCellTK
SingleR	SingleR	NA	NA	dviraran/SingleR
singleseqgset	NA	NA	NA	arc85/singleseqgset
SingleSplice	NA	NA	NA	jw156605/SingleSplice
singlet	NA	NA	singlet	iosonofabio/singlet
SinNLRR	NA	NA	NA	zrq0123/SinNLRR
SinQC	NA	NA	NA	NA
Sinto	NA	NA	sinto	timoast/sinto
SIP	NA	NA	NA	XuegongLab/SIP
sircel	NA	NA	NA	pachterlab/Sircel
SISUA	NA	NA	sisua	trungnt13/sisua
slalom	slalom	NA	NA	bioFAM/slalom
sleepwalk	NA	sleepwalk	NA	anders-biostat/sleepwalk
SLICE	NA	NA	NA	NA
SLICER	NA	SLICER	NA	jw156605/SLICER
slingshot	slingshot	NA	NA	kstreet13/slingshot
SMILE	NA	NA	NA	rpmccordlab/SMILE
SMNN	NA	NA	NA	yycunc/SMNN
SMSC	NA	NA	NA	Cuteu/SMSC
SNN-Cliq	NA	NA	NA	NA
solo	NA	NA	solo-sc	calico/Solo
SoptSC	NA	NA	NA	WangShuxiong/SoptSC
SOUP	NA	NA	NA	lingxuez/SOUPR
souporcell	NA	NA	NA	wheaton5/souporcell
SoupX	NA	SoupX	NA	constantAmateur/SoupX
SPADE	NA	NA	NA	nolanlab/spade
SpaOTsc	NA	NA	NA	zcang/SpaOTsc
SparseDC	NA	SparseDC	NA	cran/SparseDC
SPARSim	NA	NA	NA	NA
SPaRTAN	NA	NA	NA	osmanbeyoglulab/SPaRTAN
Specter	NA	NA	NA	canzarlab/Specter
Spectrum	NA	Spectrum	NA	crj32/Spectrum
splattdr	NA	NA	NA	zacharewskilab/splattdr
Splatter	splatter	NA	NA	Oshlack/splatter
SPRING	NA	NA	NA	AllonKleinLab/SPRING
SPsimSeq	SPsimSeq	NA	NA	CenterForStatistics-UGent/SPsimSeq
SSBER	NA	NA	NA	zy456/SSBER
sscClust	NA	NA	NA	Japrin/sscClust
SSrGE	NA	NA	NA	lanagarmire/SSrGE
STACAS	NA	NA	NA	carmonalab/STACAS
STAR	NA	NA	NA	alexdobin/STAR
StationaryOT	NA	NA	NA	zsteve/StationaryOT
STEMNET	NA	NA	NA	NA
STREAM	NA	NA	NA	pinellolab/stream
supCPM	NA	NA	NA	zhiqianZ/supCPM
SuperCell	NA	NA	NA	GfellerLab/SuperCell
supercells	NA	NA	supercells	compugen-ltd/supercells
Superscan	NA	NA	NA	cshasha/superscan
switchde	switchde	NA	NA	kieranrcampbell/switchde
SWNE	NA	NA	NA	yanwu2014/swne
Symphony	NA	symphony	NA	immunogenomics/symphony
SymSim	NA	NA	NA	YosefLab/SymSim
SynergisticCore	NA	NA	NA	NA
talklr	NA	NA	NA	yuliangwang/talklr
Tangram	NA	NA	tangram-sc	broadinstitute/Tangram
TAR-scRNA-seq	NA	NA	NA	fw262/TAR-scRNA-seq
TASC	NA	NA	NA	scrna-seq/TASC
tascCODA	NA	NA	NA	bio-datascience/tascCODA
TASIC	NA	NA	NA	NA
TBSP	NA	NA	tbsp	phoenixding/tbsp
TCM	NA	NA	NA	gongx030/tcm
TDL	NA	NA	NA	xiaoyeye/TDL
TED	NA	NA	NA	Danko-Lab/TED
TedSim	NA	NA	NA	Galaxeee/TedSim
Tempora	NA	NA	NA	BaderLab/Tempora
TENET	NA	NA	NA	neocaleb/TENET
TILPRED	NA	NA	NA	carmonalab/TILPRED
TinGa	NA	NA	NA	Helena-todd/TinGa
tn_test	NA	NA	truncated-normal	jessemzhang/tn_test
TooManyCells	NA	TooManyCellsR	NA	faryabiLab/too-many-cells
topslam	NA	NA	NA	mzwiessele/topslam
TraCeR	NA	NA	NA	teichlab/tracer
tradeSeq	tradeSeq	NA	NA	statomics/tradeSeq
Trajan	NA	NA	NA	canzarlab/Trajan
transformGamPoi	NA	NA	NA	const-ae/transformGamPoi
TRAPeS	NA	NA	trapes	yoseflab/trapes
TraSig	NA	NA	NA	doraadong/TraSig
Tree-SNE	NA	NA	NA	isaacrob/treesne
trendsceek	NA	NA	NA	edsgard/trendsceek
Triangulate	NA	NA	NA	SchulzLab/Triangulate
tricycle	tricycle	NA	NA	hansenlab/tricycle
Triku	NA	NA	triku	NA
TRUmiCount	NA	NA	NA	Cibiv/trumicount
TRUST4	NA	NA	NA	liulab-dfci/TRUST4
trVAE	NA	NA	trVAE	theislab/trVAE
TSCAN	TSCAN	NA	NA	zji90/TSCAN
TSEE	NA	NA	NA	ShaokunAn/TSEE
Tweedieverse	NA	NA	NA	himelmallick/Tweedieverse
TWO-SIGMA	NA	NA	NA	edvanburen/twosigma
txburst	NA	NA	NA	sandberg-lab/txburst
UCell	NA	NA	NA	carmonalab/UCell
UICPC	NA	NA	NA	NA
UMI_analysis	NA	NA	NA	ncgr/UMI-analysis
UMI-tools	NA	NA	umi-tools	CGATOxford/UMI-tools
UMICollapse	NA	NA	NA	Daniel-Liu-c0deb0t/UMICollapse
umis	NA	NA	umis	vals/umis
UNCURL	NA	NA	uncurl-seq	yjzhang/uncurl_python
UnionCom	NA	NA	unioncom	caokai1073/UnionCom
UniPath	NA	NA	NA	reggenlab/UniPath
UniverSC	NA	NA	NA	minoda-lab/universc
UPhyloplot2	NA	NA	NA	harbourlab/UPhyloplot2
URD	NA	NA	NA	farrellja/URD
uSORT	uSORT	NA	NA	JinmiaoChenLab/uSORT
VAE-SNE	NA	NA	vaesne	jgraving/vaesne
VALERIE	NA	VALERIE	NA	wenweixiong/VALERIE
VAM	NA	VAM	NA	NA
VAMF	NA	NA	NA	willtownes/vamf
VarTrix	NA	NA	NA	10XGenomics/vartrix
VASC	NA	NA	NA	wang-research/VASC
VDJPuzzle	NA	NA	NA	NA
VECTOR	NA	NA	NA	jumphone/Vector
velociraptor	velociraptor	NA	NA	kevinrue/velociraptor
velocyto	NA	NA	velocyto	velocyto-team/velocyto.R
VeloRep	NA	NA	NA	qiaochen/VeloRep
VeloSim	NA	NA	NA	PeterZZQ/VeloSim
VeloViz	NA	NA	NA	JEFworks-Lab/veloviz
VeTra	NA	NA	NA	wgzgithub/VeTra
VIA	NA	NA	pyVIA	ShobiStassen/VIA
VIPER	NA	NA	NA	ChenMengjie/VIPER
Vireo	NA	NA	vireoSNP	single-cell-genetics/vireo
VisCello	NA	NA	NA	tanlabcode/VisCello
VISION	NA	NA	NA	YosefLab/VISION
visnormsc	NA	NA	NA	solo7773/visnormsc
VITAE	NA	NA	pyvitae	jaydu1/VITAE
Vitessce	NA	NA	NA	vitessce/vitessce
VoxHunt	NA	NA	NA	quadbiolab/voxhunt
VPAC	NA	NA	NA	ShengquanChen/VPAC
waddR	waddR	NA	NA	goncalves-lab/waddR
WASP	NA	NA	NA	andreashoek/wasp
WaveCrest	NA	NA	NA	lengning/WaveCrest
WEDGE	NA	NA	NA	QuKunLab/WEDGE
Wishbone	NA	NA	wishbone-dev	ManuSetty/wishbone
wot	NA	NA	wot	broadinstitute/wot
Wx	NA	NA	NA	deargen/DearWXpub
XenoCell	NA	NA	NA	NA
ZIAQ	NA	NA	NA	gefeizhang/ZIAQ
ZIFA	NA	NA	NA	epierson9/ZIFA
ZINB-WaVE	zinbwave	NA	NA	drisso/zinbwave
ZINBAE	NA	NA	NA	ttgump/ZINBAE
zingeR	NA	NA	NA	statOmics/zingeR
zUMIs	NA	NA	NA	sdparekh/zUMIs
